char,zhuyin
一,ㄧ
七,ㄑㄧ
三,ㄙㄢ
上,ㄕㄤˋ
下,ㄒㄧㄚˋ
不,ㄅㄨˋ
且,ㄑㄧㄝˇ
世,ㄕˋ
丟,ㄉㄧㄡ
並,ㄅㄧㄥˋ
中,ㄓㄨㄥ
丸,ㄨㄢˊ
主,ㄓㄨˇ
久,ㄐㄧㄡˇ
之,ㄓ
乎,ㄏㄨ
乘,ㄔㄥˊ
九,ㄐㄧㄡˇ
也,ㄧㄝˇ
亂,ㄌㄨㄢˋ
了,ㄌㄜ˙
事,ㄕˋ
二,ㄦˋ
互,ㄏㄨˋ
五,ㄨˇ
井,ㄐㄧㄥˇ
些,ㄒㄧㄝ
亞,ㄧㄚˇ
亡,ㄨㄤˊ
交,ㄐㄧㄠ
享,ㄒㄧㄤˇ
亮,ㄌㄧㄤˋ
人,ㄖㄣˊ
什,ㄕㄜˊ
今,ㄐㄧㄣ
介,ㄐㄧㄝˋ
他,ㄊㄚ
仗,ㄓㄤˋ
付,ㄈㄨˋ
代,ㄉㄞˋ
令,ㄌㄧㄥˋ
以,ㄧˇ
件,ㄐㄧㄢˋ
任,ㄖㄣˋ
份,ㄈㄣˋ
休,ㄒㄧㄡ
伴,ㄅㄢˋ
似,ㄙˋ
但,ㄉㄢˋ
位,ㄨㄟˋ
住,ㄓㄨˋ
佔,ㄓㄢˋ
何,ㄏㄜˊ
佛,ㄈㄛˊ
作,ㄗㄨㄛˋ
你,ㄋㄧˇ
佳,ㄐㄧㄚ
使,ㄕˇ
來,ㄌㄞˊ
來,ㄌㄞˊ
例,ㄌㄧˋ
供,ㄍㄨㄥ
依,ㄧ
便,ㄅㄧㄢˋ
俗,ㄙㄨˊ
保,ㄅㄠˇ
修,ㄒㄧㄡ
個,ㄍㄜ˙
倍,ㄅㄟˋ
們,ㄇㄣ˙
倒,ㄉㄠˋ
候,ㄏㄡˋ
借,ㄐㄧㄝˋ
值,ㄓˊ
假,ㄐㄧㄚˇ
偉,ㄨㄟˇ
偏,ㄆㄧㄢ
做,ㄗㄨㄛˋ
停,ㄊㄧㄥˊ
健,ㄐㄧㄢˋ
偶,ㄡˇ
備,ㄅㄟˋ
傳,ㄔㄨㄢˊ
傷,ㄕㄤ
像,ㄒㄧㄤˋ
僱,ㄍㄨˋ
價,ㄐㄧㄚˋ
優,ㄧㄡ
元,ㄩㄢˊ
兄,ㄒㄩㄥ
充,ㄔㄨㄥ
先,ㄒㄧㄢ
光,ㄍㄨㄤ
克,ㄎㄜˋ
免,ㄇㄧㄢˇ
兒,ㄦˊ
入,ㄖㄨˋ
內,ㄋㄟˋ
全,ㄑㄩㄢˊ
兩,ㄌㄧㄤˇ
八,ㄅㄚ
公,ㄍㄨㄥ
六,ㄌㄧㄡˋ
共,ㄍㄨㄥˋ
兵,ㄅㄧㄥ
其,ㄑㄧˊ
具,ㄐㄩˋ
典,ㄉㄧㄢˇ
冊,ㄘㄜˋ
再,ㄗㄞˋ
冒,ㄇㄠˋ
冠,ㄍㄨㄢˋ
冬,ㄉㄨㄥ
冰,ㄅㄧㄥ
冷,ㄋㄥˇ
凡,ㄈㄢˊ
出,ㄔㄨ
刀,ㄉㄠ
分,ㄈㄣ
切,ㄑㄧㄝ
刊,ㄎㄢ
列,ㄌㄧㄝˋ
初,ㄔㄨ
別,ㄅㄧㄝˊ
利,ㄌㄧˋ
到,ㄉㄠˋ
制,ㄓˋ
券,ㄑㄩㄢˋ
刺,ㄘˋ
刻,ㄎㄜˋ
則,ㄗㄜˊ
前,ㄑㄧㄢˊ
剔,ㄊㄧˋ
剛,ㄍㄤ
剩,ㄕㄥˋ
剪,ㄐㄧㄢˇ
副,ㄈㄨˋ
創,ㄔㄨㄤˋ
劇,ㄐㄩˋ
力,ㄌㄧˋ
功,ㄍㄨㄥ
加,ㄐㄧㄚ
助,ㄓㄨˋ
努,ㄋㄨˇ
勁,ㄐㄧㄣˋ
勇,ㄩㄥˇ
動,ㄉㄨㄥˋ
務,ㄨˋ
勞,ㄌㄠˊ
募,ㄇㄨˋ
勤,ㄑㄧㄣˊ
勸,ㄑㄩㄢˋ
勿,ㄨˋ
包,ㄅㄠ
化,ㄏㄨㄚˋ
北,ㄅㄟˇ
區,ㄑㄩ
十,ㄕˊ
千,ㄑㄧㄢ
升,ㄕㄥ
午,ㄨˇ
半,ㄅㄢˋ
協,ㄒㄧㄝˊ
南,ㄋㄢˊ
博,ㄅㄛˊ
卡,ㄎㄚˇ
印,ㄧㄣˋ
危,ㄨㄟˊ
卷,ㄐㄩㄢˇ
卻,ㄑㄩㄝˋ
厚,ㄏㄡˋ
原,ㄩㄢˊ
去,ㄑㄩˋ
參,ㄘㄢ
參,ㄘㄢ
又,ㄧㄡˋ
及,ㄐㄧˊ
友,ㄧㄡˇ
反,ㄈㄢˇ
叔,ㄕㄨˊ
取,ㄑㄩˇ
受,ㄕㄡˋ
古,ㄍㄨˇ
句,ㄐㄩˋ
另,ㄌㄧㄥˋ
只,ㄓˇ
叫,ㄐㄧㄠˋ
召,ㄓㄠ
可,ㄎㄜˇ
史,ㄕˇ
右,ㄧㄡˋ
司,ㄙ
各,ㄍㄜˋ
合,ㄏㄜˊ
吉,ㄐㄧˊ
吋,ㄘㄨㄣˋ
同,ㄊㄨㄥˊ
名,ㄇㄧㄥˊ
向,ㄒㄧㄤˋ
否,ㄈㄡˇ
含,ㄏㄢˊ
吵,ㄔㄠˇ
吸,ㄒㄧ
吹,ㄔㄨㄟ
呀,ㄧㄚ˙
呆,ㄉㄞ
告,ㄍㄠˋ
周,ㄓㄡ
味,ㄨㄟˋ
呼,ㄏㄨ
命,ㄇㄧㄥˋ
和,ㄏㄜˊ
咬,ㄧㄠˇ
咳,ㄎㄜˊ
品,ㄆㄧㄣˇ
員,ㄩㄢˊ
哥,ㄍㄜ
哪,ㄋㄚˇ
哭,ㄎㄨ
唐,ㄊㄤˊ
售,ㄕㄡˋ
唱,ㄔㄤˋ
商,ㄕㄤ
問,ㄨㄣˋ
啓,ㄑㄧˇ
善,ㄕㄢˋ
喊,ㄏㄢˇ
喜,ㄒㄧˇ
喝,ㄏㄜ
喪,ㄙㄤˋ
喫,ㄔ
單,ㄉㄢ
嘴,ㄗㄨㄟˇ
器,ㄑㄧˋ
噴,ㄆㄣ
嚇,ㄒㄧㄚˋ
嚴,ㄧㄢˊ
四,ㄙˋ
回,ㄏㄨㄟˊ
因,ㄧㄣ
囪,ㄘㄨㄥ
困,ㄎㄨㄣˋ
固,ㄍㄨˋ
圈,ㄑㄩㄢ
國,ㄍㄨㄛˊ
圍,ㄨㄟˊ
園,ㄩㄢˊ
圓,ㄩㄢˊ
圖,ㄊㄨˊ
團,ㄊㄨㄢˊ
土,ㄊㄨˇ
在,ㄗㄞˋ
地,ㄉㄧˋ
坐,ㄗㄨㄛˋ
坡,ㄆㄛ
城,ㄔㄥˊ
基,ㄐㄧ
堅,ㄐㄧㄢ
堆,ㄉㄨㄟ
堡,ㄅㄠˇ
報,ㄅㄠˋ
場,ㄔㄤˇ
塊,ㄎㄨㄞˋ
填,ㄊㄧㄢˊ
境,ㄐㄧㄥˋ
增,ㄗㄥ
壓,ㄧㄚ
士,ㄕˋ
壯,ㄓㄨㄤˋ
夏,ㄒㄧㄚˋ
外,ㄨㄞˋ
多,ㄉㄨㄛ
夜,ㄧㄝˋ
夠,ㄍㄡˋ
夥,ㄏㄨㄛˇ
大,ㄉㄚˋ
天,ㄊㄧㄢ
太,ㄊㄞˋ
夫,ㄈㄨ
失,ㄕ
夾,ㄐㄧㄚˊ
奇,ㄑㄧˊ
奏,ㄗㄡˋ
套,ㄊㄠˋ
奮,ㄈㄣˋ
女,ㄋㄩˇ
奶,ㄋㄞˇ
好,ㄏㄠˇ
如,ㄖㄨˊ
妖,ㄧㄠ
妙,ㄇㄧㄠˋ
妹,ㄇㄟˋ
始,ㄕˇ
姓,ㄒㄧㄥˋ
委,ㄨㄟˇ
姨,ㄧˊ
姿,ㄗ
娘,ㄌㄧㄤˊ
婆,ㄆㄛˊ
婚,ㄏㄨㄣ
媽,ㄇㄚ
嫁,ㄐㄧㄚˋ
子,ㄗˇ
字,ㄗˋ
存,ㄘㄨㄣˊ
孝,ㄒㄧㄠˋ
季,ㄐㄧˋ
孫,ㄙㄨㄣ
學,ㄒㄩㄝˊ
宇,ㄩˇ
守,ㄕㄡˇ
安,ㄢ
完,ㄨㄢˊ
官,ㄍㄨㄢ
宙,ㄓㄡˋ
定,ㄉㄧㄥˋ
宜,ㄧˊ
客,ㄎㄜˋ
室,ㄕˋ
害,ㄏㄞˋ
家,ㄐㄧㄚ
容,ㄖㄨㄥˊ
宿,ㄙㄨˋ
寂,ㄐㄧˊ
寄,ㄐㄧˋ
密,ㄇㄧˋ
富,ㄈㄨˋ
寒,ㄏㄢˊ
寓,ㄩˋ
寞,ㄇㄛˋ
察,ㄔㄚˊ
實,ㄕˊ
寫,ㄒㄧㄝˇ
寬,ㄎㄨㄢ
寶,ㄅㄠˇ
封,ㄈㄥ
將,ㄐㄧㄤ
專,ㄓㄨㄢ
尊,ㄗㄨㄣ
對,ㄉㄨㄟˋ
導,ㄉㄠˇ
小,ㄒㄧㄠˇ
少,ㄕㄠˇ
尖,ㄐㄧㄢ
尚,ㄕㄤˋ
就,ㄐㄧㄡˋ
尺,ㄔˇ
尿,ㄋㄧㄠˋ
局,ㄐㄩˊ
居,ㄐㄩ
展,ㄓㄢˇ
山,ㄕㄢ
岸,ㄢˋ
峯,ㄈㄥ
島,ㄉㄠˇ
巖,ㄧㄢˊ
川,ㄔㄨㄢ
州,ㄓㄡ
工,ㄍㄨㄥ
左,ㄗㄨㄛˇ
巧,ㄑㄧㄠˇ
巨,ㄐㄩˋ
差,ㄔㄚ
己,ㄐㄧˇ
已,ㄧˇ
巴,ㄅㄚ
巾,ㄐㄧㄣ
市,ㄕˋ
布,ㄅㄨˋ
希,ㄒㄧ
帝,ㄉㄧˋ
師,ㄕ
帳,ㄓㄤˋ
帶,ㄉㄞˋ
常,ㄔㄤˊ
帽,ㄇㄠˋ
幕,ㄇㄨˋ
幫,ㄅㄤ
平,ㄆㄧㄥˊ
年,ㄋㄧㄢˊ
幸,ㄒㄧㄥˋ
幹,ㄍㄢˋ
幼,ㄧㄡˋ
幽,ㄧㄡ
幾,ㄐㄧˇ
序,ㄒㄩˋ
底,ㄉㄧˇ
店,ㄉㄧㄢˋ
府,ㄈㄨˇ
度,ㄉㄨˋ
座,ㄗㄨㄛˋ
庫,ㄎㄨˋ
庭,ㄊㄧㄥˊ
康,ㄎㄤ
廚,ㄔㄨˊ
廟,ㄇㄧㄠˋ
廢,ㄈㄟˋ
廣,ㄍㄨㄤˇ
廳,ㄊㄧㄥ
延,ㄧㄢˊ
建,ㄐㄧㄢˋ
弄,ㄋㄨㄥˋ
式,ㄕˋ
引,ㄧㄣˇ
弟,ㄉㄧˋ
弦,ㄒㄧㄢˊ
弱,ㄖㄨㄛˋ
張,ㄓㄤ
強,ㄑㄧㄤˊ
彈,ㄉㄢˋ
彎,ㄨㄢ
形,ㄒㄧㄥˊ
彩,ㄘㄞˇ
影,ㄧㄥˇ
彽,ㄉㄧ
往,ㄨㄤˇ
待,ㄉㄞˋ
很,ㄏㄣˇ
後,ㄏㄡˋ
得,ㄉㄜˊ
從,ㄘㄨㄥˊ
復,ㄈㄨˋ
徵,ㄓㄥ
德,ㄉㄜˊ
心,ㄒㄧㄣ
必,ㄅㄧˋ
忍,ㄖㄣˇ
志,ㄓˋ
忘,ㄨㄤˋ
忙,ㄇㄤˊ
忠,ㄓㄨㄥ
快,ㄎㄨㄞˋ
忱,ㄔㄣˊ
念,ㄋㄧㄢˋ
忽,ㄏㄨ
怎,ㄗㄣˇ
怒,ㄋㄨˋ
怕,ㄆㄚˋ
思,ㄙ˙
急,ㄐㄧˊ
性,ㄒㄧㄥˋ
怨,ㄩㄢˋ
怪,ㄍㄨㄞˋ
恩,ㄣ
恭,ㄍㄨㄥ
息,ㄒㄧˊ
悔,ㄏㄨㄟˇ
悠,ㄧㄡ
悲,ㄅㄟ
情,ㄑㄧㄥˊ
惜,ㄒㄧˊ
想,ㄒㄧㄤˇ
意,ㄧˋ
愛,ㄞˋ
感,ㄍㄢˇ
慢,ㄇㄢˋ
慣,ㄍㄨㄢˋ
慮,ㄌㄩˋ
慰,ㄨㄟˋ
慶,ㄑㄧㄥˋ
憤,ㄈㄣˋ
懂,ㄉㄨㄥˇ
應,ㄧㄥ
成,ㄔㄥˊ
我,ㄨㄛˇ
戒,ㄐㄧㄝˋ
或,ㄏㄨㄛˋ
戰,ㄓㄢˋ
戲,ㄒㄧˋ
戶,ㄏㄨˋ
房,ㄈㄤˊ
扇,ㄕㄢˋ
手,ㄕㄡˇ
才,ㄘㄞˊ
打,ㄉㄚˇ
扣,ㄎㄡˋ
扮,ㄅㄢˋ
扯,ㄔˇ
扶,ㄈㄨˊ
找,ㄓㄠˇ
承,ㄔㄥˊ
技,ㄐㄧˋ
抄,ㄔㄠ
把,ㄅㄚˇ
抓,ㄓㄨㄚ
投,ㄊㄡˊ
抗,ㄎㄤˋ
折,ㄓㄜˊ
抬,ㄊㄞˊ
抱,ㄅㄠˋ
抽,ㄔㄡ
拉,ㄌㄚ
拋,ㄆㄠ
拍,ㄆㄞ
拔,ㄅㄚ
拖,ㄊㄨㄛ
招,ㄓㄠ
拜,ㄅㄞˋ
括,ㄍㄨㄚ
拼,ㄆㄧㄣ
拿,ㄋㄚˊ
持,ㄔˊ
指,ㄓˇ
按,ㄢˋ
挑,ㄊㄧㄠ
挖,ㄨㄚ
挺,ㄊㄧㄥˇ
掃,ㄙㄠˇ
掉,ㄉㄧㄠˋ
掌,ㄓㄤˇ
排,ㄆㄞˊ
採,ㄘㄞˇ
採,ㄘㄞˇ
接,ㄐㄧㄝ
控,ㄎㄨㄥˋ
推,ㄊㄨㄟ
提,ㄊㄧˊ
插,ㄔㄚ
揚,ㄧㄤˊ
換,ㄏㄨㄢˋ
揮,ㄏㄨㄟ
損,ㄕㄨㄣˇ
搬,ㄅㄢ
搭,ㄉㄚ
撞,ㄓㄨㄤˋ
播,ㄅㄛ
撿,ㄐㄧㄢˇ
擇,ㄗㄜˊ
操,ㄘㄠ
擔,ㄉㄢ
據,ㄐㄩˋ
擦,ㄔㄚ
支,ㄓ
收,ㄕㄡ
改,ㄍㄞˇ
攻,ㄍㄨㄥ
放,ㄈㄤˋ
政,ㄓㄥˋ
故,ㄍㄨˋ
效,ㄒㄧㄠˋ
敏,ㄇㄧㄣˇ
教,ㄐㄧㄠ
敞,ㄔㄤˇ
敢,ㄍㄢˇ
散,ㄙㄢˋ
敬,ㄐㄧㄥˋ
整,ㄓㄥˇ
數,ㄕㄨˋ
文,ㄨㄣˊ
料,ㄌㄧㄠˋ
新,ㄒㄧㄣ
斷,ㄉㄨㄢˋ
方,ㄈㄤ
於,ㄩˊ
施,ㄕ
旁,ㄆㄤˊ
旅,ㄌㄩˇ
族,ㄗㄨˊ
既,ㄐㄧˋ
日,ㄖˋ
早,ㄗㄠˇ
明,ㄇㄧㄥˊ
易,ㄧˋ
星,ㄒㄧㄥ
春,ㄔㄨㄣ
昨,ㄗㄨㄛˊ
是,ㄕˋ
時,ㄕˊ
晚,ㄨㄢˇ
普,ㄆㄨˇ
晴,ㄑㄧㄥˊ
暑,ㄕㄨˇ
暖,ㄋㄨㄢˇ
暗,ㄢˋ
暫,ㄓㄢˋ
暴,ㄅㄠˋ
曲,ㄑㄩˇ
更,ㄍㄥˋ
書,ㄕㄨ
曾,ㄘㄥˊ
替,ㄊㄧˋ
最,ㄗㄨㄟˋ
會,ㄏㄨㄟˋ
月,ㄩㄝˋ
有,ㄧㄡˇ
朋,ㄆㄥˊ
服,ㄈㄨˊ
朗,ㄌㄤˇ
望,ㄨㄤˋ
朝,ㄔㄠˊ
期,ㄑㄧˊ
木,ㄇㄨˋ
末,ㄇㄛˋ
本,ㄅㄣˇ
朵,ㄉㄨㄛˇ
李,ㄌㄧˇ
材,ㄘㄞˊ
村,ㄘㄨㄣ
束,ㄕㄨˋ
杯,ㄅㄟ
東,ㄉㄨㄥ
松,ㄙㄨㄥ
板,ㄅㄢˇ
析,ㄒㄧ
林,ㄌㄧㄣˊ
果,ㄍㄨㄛˇ
架,ㄐㄧㄚˋ
染,ㄖㄢˇ
查,ㄔㄚˊ
柿,ㄕˋ
校,ㄒㄧㄠˋ
根,ㄍㄣ
格,ㄍㄜˊ
桃,ㄊㄠˊ
桌,ㄓㄨㄛ
梅,ㄇㄟˊ
條,ㄊㄧㄠˊ
梨,ㄌㄧˊ
棒,ㄅㄤˋ
椅,ㄧˇ
椒,ㄐㄧㄠ
楚,ㄔㄨˇ
業,ㄧㄝˋ
極,ㄐㄧˊ
概,ㄍㄞˋ
榮,ㄖㄨㄥˊ
樂,ㄌㄜˋ
樓,ㄌㄡˊ
標,ㄅㄧㄠ
模,ㄇㄛˊ
樣,ㄧㄤˋ
樹,ㄕㄨˋ
橋,ㄑㄧㄠˊ
機,ㄐㄧ
橫,ㄏㄥˊ
檢,ㄐㄧㄢˇ
櫃,ㄍㄨㄟˋ
權,ㄑㄩㄢˊ
次,ㄘˋ
欲,ㄩˋ
款,ㄎㄨㄢˇ
歌,ㄍㄜ
歐,ㄡ
歡,ㄏㄨㄢ
止,ㄓˇ
正,ㄓㄥˋ
此,ㄘˇ
步,ㄅㄨˋ
武,ㄨˇ
歲,ㄙㄨㄟˋ
歷,ㄌㄧˋ
歸,ㄍㄨㄟ
死,ㄙˇ
段,ㄉㄨㄢˋ
殺,ㄕㄚ
母,ㄇㄨˇ
每,ㄇㄟˇ
毒,ㄉㄨˊ
比,ㄅㄧˇ
毛,ㄇㄠˊ
民,ㄇㄧㄣˊ
氣,ㄑㄧˋ
氧,ㄧㄤˇ
水,ㄕㄨㄟˇ
永,ㄩㄥˇ
求,ㄑㄧㄡˊ
江,ㄐㄧㄤ
池,ㄔˊ
決,ㄐㄩㄝˊ
沈,ㄕㄣˇ
沒,ㄇㄟˊ
沙,ㄕㄚ
沮,ㄐㄩˇ
河,ㄏㄜˊ
油,ㄧㄡˊ
治,ㄓˋ
沿,ㄧㄢˊ
況,ㄎㄨㄤˋ
法,ㄈㄚˇ
注,ㄓㄨˋ
洋,ㄧㄤˊ
洗,ㄒㄧˇ
洞,ㄉㄨㄥˋ
洲,ㄓㄡ
活,ㄏㄨㄛˊ
派,ㄆㄞˋ
流,ㄌㄧㄡˊ
浪,ㄌㄤˋ
海,ㄏㄞˇ
消,ㄒㄧㄠ
涕,ㄊㄧˋ
涼,ㄌㄧㄤˊ
淚,ㄌㄟˋ
淡,ㄉㄢˋ
淨,ㄐㄧㄥˋ
深,ㄕㄣ
清,ㄑㄧㄥ
減,ㄐㄧㄢˇ
渡,ㄉㄨˋ
港,ㄍㄤˇ
湯,ㄊㄤ
源,ㄩㄢˊ
準,ㄓㄨㄣˇ
溜,ㄌㄧㄡ
溫,ㄨㄣ
滑,ㄏㄨㄚˊ
滿,ㄇㄢˇ
漂,ㄆㄧㄠ
演,ㄧㄢˇ
漢,ㄏㄢˋ
漸,ㄐㄧㄢˋ
漿,ㄐㄧㄤ
潑,ㄆㄛ
潔,ㄐㄧㄝˊ
濃,ㄋㄨㄥˊ
濟,ㄐㄧˋ
火,ㄏㄨㄛˇ
灰,ㄏㄨㄟ
災,ㄗㄞ
炎,ㄧㄢˊ
炒,ㄔㄠˇ
炸,ㄓㄚˋ
烈,ㄌㄧㄝˋ
烤,ㄎㄠˇ
無,ㄨˊ
焦,ㄐㄧㄠ
然,ㄖㄢˊ
煙,ㄧㄢ
照,ㄓㄠˋ
煩,ㄈㄢˊ
煮,ㄓㄨˇ
熟,ㄕㄡˊ
熱,ㄖㄜˋ
燈,ㄉㄥ
燒,ㄕㄠ
營,ㄧㄥˊ
爆,ㄅㄠˋ
爬,ㄆㄚˊ
爭,ㄓㄥ
爲,ㄨㄟˋ
父,ㄈㄨˋ
爸,ㄅㄚˋ
爺,ㄧㄝˊ
牀,ㄔㄨㄤˊ
牆,ㄑㄧㄤˊ
片,ㄆㄧㄢˋ
版,ㄅㄢˇ
牌,ㄆㄞˊ
牙,ㄧㄚˊ
牛,ㄋㄧㄡˊ
牢,ㄌㄠˊ
物,ㄨˋ
特,ㄊㄜˋ
牽,ㄑㄧㄢ
狀,ㄓㄨㄤˋ
狂,ㄎㄨㄤˊ
猜,ㄘㄞ
獎,ㄐㄧㄤˇ
獨,ㄉㄨˊ
獻,ㄒㄧㄢˋ
玉,ㄩˋ
王,ㄨㄤˊ
玩,ㄨㄢˊ
珍,ㄓㄣ
珠,ㄓㄨ
班,ㄅㄢ
現,ㄒㄧㄢˋ
球,ㄑㄧㄡˊ
理,ㄌㄧˇ
琴,ㄑㄧㄣˊ
環,ㄏㄨㄢˊ
瓜,ㄍㄨㄚ
瓶,ㄆㄧㄥˊ
甚,ㄕㄣˋ
甜,ㄊㄧㄢˊ
生,ㄕㄥ
產,ㄔㄢˇ
用,ㄩㄥˋ
田,ㄊㄧㄢˊ
由,ㄧㄡˊ
申,ㄕㄣ
男,ㄋㄢˊ
界,ㄐㄧㄝˋ
留,ㄌㄧㄡˊ
畢,ㄅㄧˋ
畫,ㄏㄨㄚˋ
異,ㄧˋ
當,ㄉㄤ
疑,ㄧˊ
疫,ㄧˋ
病,ㄅㄧㄥˋ
症,ㄓㄥˋ
痛,ㄊㄨㄥˋ
療,ㄌㄧㄠˊ
癌,ㄧㄢˊ
登,ㄉㄥ
發,ㄈㄚ
白,ㄅㄞˊ
百,ㄅㄞˇ
的,ㄉㄜ˙
皮,ㄆㄧˊ
益,ㄧˋ
盛,ㄕㄥˋ
盡,ㄐㄧㄣˋ
盤,ㄆㄢˊ
目,ㄇㄨˋ
直,ㄓˊ
相,ㄒㄧㄤ
省,ㄕㄥˇ
看,ㄎㄢˋ
真,ㄓㄣ
眠,ㄇㄧㄢˊ
眼,ㄧㄢˇ
着,ㄓㄜ˙
睛,ㄐㄧㄥ
睡,ㄕㄨㄟˋ
知,ㄓ
短,ㄉㄨㄢˇ
石,ㄕˊ
研,ㄧㄢˊ
破,ㄆㄨㄛˋ
硬,ㄧㄥˋ
碎,ㄙㄨㄟˋ
碟,ㄉㄧㄝˊ
碰,ㄆㄥˋ
確,ㄑㄩㄝˋ
磅,ㄅㄤˋ
磨,ㄇㄛˊ
示,ㄕˋ
社,ㄕㄜˋ
祖,ㄗㄨˇ
祝,ㄓㄨˋ
神,ㄕㄣˊ
祥,ㄒㄧㄤˊ
票,ㄆㄧㄠˋ
祭,ㄐㄧˋ
禁,ㄐㄧㄣˋ
禍,ㄏㄨㄛˋ
福,ㄈㄨˊ
禮,ㄌㄧˇ
禾,ㄏㄜˊ
秀,ㄒㄧㄡˋ
秋,ㄑㄧㄡ
科,ㄎㄜ
租,ㄗㄨˇ
移,ㄧˊ
程,ㄔㄥˊ
種,ㄓㄨㄥˇ
稱,ㄔㄥ
穴,ㄒㄩㄝˋ
究,ㄐㄧㄡˋ
空,ㄎㄨㄥ
穿,ㄔㄨㄢ
突,ㄊㄨˊ
窗,ㄔㄨㄤ
窮,ㄑㄩㄥˊ
立,ㄌㄧˋ
站,ㄓㄢˋ
竟,ㄐㄧㄥˋ
章,ㄓㄤ
童,ㄊㄨㄥˊ
競,ㄐㄧㄥˋ
竹,ㄓㄨˊ
笑,ㄒㄧㄠˋ
符,ㄈㄨˊ
第,ㄉㄧˋ
筆,ㄅㄧˇ
等,ㄉㄥˇ
答,ㄉㄚˊ
算,ㄙㄨㄢˋ
管,ㄍㄨㄢˇ
箱,ㄒㄧㄤ
節,ㄐㄧㄝˊ
範,ㄈㄢˋ
篇,ㄆㄧㄢ
築,ㄓㄨˊ
簡,ㄐㄧㄢˇ
籤,ㄑㄧㄢ
米,ㄇㄧˇ
粉,ㄈㄣˇ
精,ㄐㄧㄥ
糊,ㄏㄨˊ
糕,ㄍㄠ
糖,ㄊㄤˊ
糟,ㄗㄠ
系,ㄒㄧˋ
紀,ㄐㄧˋ
約,ㄩㄝ
紅,ㄏㄨㄥˊ
紙,ㄓˇ
級,ㄐㄧˊ
紫,ㄗˇ
累,ㄌㄟˋ
細,ㄒㄧˋ
紹,ㄕㄠˋ
終,ㄓㄨㄥ
組,ㄗㄨˇ
結,ㄐㄧㄝˊ
給,ㄍㄟˇ
統,ㄊㄨㄥˇ
絲,ㄙ
經,ㄐㄧㄥ
綠,ㄌㄩˋ
維,ㄨㄟˊ
網,ㄨㄤˇ
緊,ㄐㄧㄣˇ
緒,ㄒㄩˋ
編,ㄅㄧㄢ
練,ㄌㄧㄢˋ
總,ㄗㄨㄥˇ
績,ㄐㄧ
繁,ㄈㄢˊ
織,ㄓ
繞,ㄖㄠˋ
繩,ㄕㄥˊ
繼,ㄐㄧˋ
續,ㄒㄩˋ
缺,ㄑㄩㄝ
置,ㄓˋ
羊,ㄧㄤˊ
美,ㄇㄟˇ
羞,ㄒㄧㄡ
羣,ㄑㄩㄣˊ
義,ㄧˋ
習,ㄒㄧˊ
翻,ㄈㄢ
老,ㄌㄠˇ
考,ㄎㄠˇ
者,ㄓㄜˇ
而,ㄦˊ
耐,ㄋㄞˋ
耳,ㄦˇ
聊,ㄌㄧㄠˇ
聖,ㄕㄥˋ
聚,ㄐㄩˋ
聞,ㄨㄣˊ
聯,ㄌㄧㄢˊ
聲,ㄕㄥ
聽,ㄊㄧㄥ
肉,ㄖㄡˋ
肚,ㄉㄨˋ
肝,ㄍㄢ
肥,ㄈㄟˊ
肯,ㄎㄣˇ
育,ㄩˋ
肺,ㄈㄟˋ
胃,ㄨㄟˋ
背,ㄅㄟˋ
胖,ㄆㄤˋ
胡,ㄏㄨˊ
能,ㄋㄥˊ
脫,ㄊㄨㄛ
脾,ㄆㄧˊ
腎,ㄕㄣˋ
腐,ㄈㄨˇ
腔,ㄑㄧㄤ
腦,ㄋㄠˇ
腫,ㄓㄨㄥˇ
腳,ㄐㄧㄠˇ
腸,ㄔㄤˊ
腿,ㄊㄨˇ
臂,ㄅㄧˋ
自,ㄗˋ
臭,ㄔㄡˋ
至,ㄓˋ
致,ㄓˋ
臺,ㄊㄞˊ
與,ㄩˇ
興,ㄒㄧㄥ
舉,ㄐㄩˇ
舊,ㄐㄧㄡˋ
舌,ㄕㄜˊ
舍,ㄕㄜˋ
舒,ㄕㄨ
舞,ㄨˇ
舟,ㄓㄡ
航,ㄏㄤˊ
般,ㄅㄢ
舵,ㄉㄨㄛˋ
船,ㄔㄨㄢˊ
艙,ㄘㄤ
良,ㄌㄧㄤˊ
色,ㄙㄜˋ
花,ㄏㄨㄚ
苗,ㄇㄧㄠˊ
若,ㄖㄨㄛˋ
苦,ㄎㄨˇ
英,ㄧㄥ
草,ㄘㄠˇ
荒,ㄏㄨㄤ
菜,ㄘㄞˋ
華,ㄏㄨㄚˊ
萬,ㄨㄢˋ
落,ㄌㄨㄛˋ
蒙,ㄇㄥˊ
蒸,ㄓㄥ
蓋,ㄍㄞˋ
薪,ㄒㄧㄣ
藍,ㄌㄢˊ
藏,ㄘㄤˊ
藝,ㄧˋ
藥,ㄧㄠˋ
虎,ㄏㄨˇ
處,ㄔㄨˋ
號,ㄏㄠˋ
蛋,ㄉㄢˋ
蛙,ㄨㄚ
血,ㄒㄧㄝˇ
衆,ㄓㄨㄥˋ
行,ㄒㄧㄥˊ
術,ㄕㄨˋ
街,ㄐㄧㄝ
衣,一
表,ㄅㄧㄠˇ
袋,ㄉㄞˋ
被,ㄅㄟˋ
裏,ㄌㄧˇ
裙,ㄑㄩㄣˊ
補,ㄅㄨˇ
裝,ㄓㄨㄤ
褲,ㄎㄨˋ
襯,ㄔㄣˋ
西,ㄒㄧ
要,ㄧㄠˋ
見,ㄐㄧㄢˋ
規,ㄍㄨㄟ
視,ㄕˋ
親,ㄑㄧㄣ
覺,ㄐㄩㄝˊ
觀,ㄍㄨㄢ
角,ㄐㄧㄠˇ
解,ㄐㄧㄝˇ
言,ㄧㄢˊ
訂,ㄉㄧㄥˋ
計,ㄐㄧˋ
討,ㄊㄠˇ
訓,ㄒㄩㄣˋ
託,ㄊㄨㄛ
記,ㄐㄧˋ
許,ㄒㄩˇ
訴,ㄙㄨˋ
診,ㄓㄣˇ
評,ㄆㄧㄥˊ
詞,ㄘˊ
試,ㄕˋ
詩,ㄕ
話,ㄏㄨㄚˋ
該,ㄍㄞ
詳,ㄒㄧㄤˊ
認,ㄖㄣˋ
語,ㄩˇ
誠,ㄔㄥˊ
誤,ㄨˋ
誦,ㄙㄨㄥˋ
說,ㄕㄨㄛ
誰,ㄕㄟˊ
課,ㄎㄜˋ
調,ㄊㄧㄠˊ
談,ㄊㄢˊ
請,ㄑㄧㄥˇ
論,ㄌㄨㄣˋ
講,ㄐㄧㄤˇ
謝,ㄒㄧㄝˋ
證,ㄓㄥˋ
識,ㄕˋ
譜,ㄆㄨˇ
警,ㄐㄧㄥˇ
譯,ㄧˋ
議,ㄧˋ
護,ㄏㄨˋ
讀,ㄉㄨˊ
變,ㄅㄧㄢˋ
讓,ㄖㄤˋ
豆,ㄉㄡˋ
豐,ㄈㄥ
象,ㄒㄧㄤˋ
貝,ㄅㄟˋ
負,ㄈㄨˋ
財,ㄘㄞˊ
貢,ㄍㄨㄥˋ
貨,ㄏㄨㄛˋ
貪,ㄊㄢ
貫,ㄍㄨㄢˋ
責,ㄗㄜˊ
貴,ㄍㄨㄟˋ
買,ㄇㄞˇ
費,ㄈㄟˋ
貼,ㄊㄧㄝ
貿,ㄇㄠˋ
資,ㄗ
賞,ㄕㄤˇ
賣,ㄇㄞˋ
購,ㄍㄡˋ
賽,ㄙㄞˋ
贈,ㄗㄥˋ
走,ㄗㄡˇ
起,ㄑㄧˇ
超,ㄔㄠ
越,ㄩㄝˋ
趕,ㄍㄢˇ
趣,ㄑㄩˋ
足,ㄗㄨˊ
跑,ㄆㄠˇ
跟,ㄍㄣ
路,ㄌㄨˋ
跳,ㄊㄧㄠˋ
踢,ㄊㄧ
蹈,ㄉㄠˇ
躁,ㄗㄠˋ
身,ㄕㄣ
車,ㄔㄜ
軍,ㄐㄩㄣ
軟,ㄖㄨㄢˇ
較,ㄐㄧㄠˋ
載,ㄗㄞˇ
輕,ㄑㄧㄥ
輩,ㄅㄟˋ
輪,ㄌㄨㄣˊ
輸,ㄕㄨ
轉,ㄓㄨㄢˇ
辛,ㄒㄧㄣ
辣,ㄌㄚˋ
辦,ㄅㄢˋ
辨,ㄅㄧㄢˋ
辯,ㄅㄧㄢˋ
農,ㄋㄨㄥˊ
迎,ㄧㄥˊ
近,ㄐㄧㄣˋ
迫,ㄆㄛˋ
迷,ㄇㄧˊ
追,ㄓㄨㄟ
退,ㄊㄨㄟˋ
送,ㄙㄨㄥˋ
逃,ㄊㄠˊ
途,ㄊㄨˊ
這,ㄓㄜˋ
通,ㄊㄨㄥ
逛,ㄍㄨㄤˋ
速,ㄕㄨˋ
造,ㄗㄠˋ
連,ㄌㄧㄢˊ
進,ㄐㄧㄣˋ
遇,ㄩˋ
遊,ㄧㄡˊ
運,ㄩㄣˋ
遍,ㄅㄧㄢˋ
過,ㄍㄨㄛˋ
道,ㄉㄠˋ
達,ㄉㄚˊ
遠,ㄩㄢˇ
適,ㄕˋ
遲,ㄔˊ
選,ㄒㄩㄢˇ
遺,ㄧˊ
還,ㄏㄞˊ
邊,ㄅㄧㄢ
那,ㄋㄚˋ
部,ㄅㄨˋ
郵,ㄧㄡˊ
都,ㄉㄡ
鄉,ㄒㄧㄤ
酒,ㄐㄧㄡˇ
酸,ㄙㄨㄢ
醋,ㄘㄨˋ
醒,ㄒㄧㄥˇ
醫,ㄧ
醬,ㄐㄧㄤˋ
重,ㄓㄨㄥˋ
野,ㄧㄝˇ
量,ㄌㄧㄤˊ
金,ㄐㄧㄣ
釘,ㄉㄧㄥ
針,ㄓㄣ
鈴,ㄌㄧㄥˊ
銀,ㄧㄣˊ
銷,ㄒㄧㄠ
鋪,ㄆㄨˋ
鋼,ㄍㄤ
錄,ㄌㄨˋ
錢,ㄑㄧㄢˊ
錯,ㄘㄨㄛˋ
鍋,ㄍㄨㄛ
鍵,ㄐㄧㄢˋ
鏡,ㄐㄧㄥˋ
鐵,ㄊㄧㄝˇ
鑽,ㄗㄨㄢˋ
長,ㄔㄤˊ
門,ㄇㄣˊ
閃,ㄕㄢˇ
閉,ㄅㄧˋ
開,ㄎㄞ
閒,ㄒㄧㄢˊ
間,ㄐㄧㄢ
閱,ㄩㄝˋ
關,ㄍㄨㄢ
防,ㄈㄤˊ
阻,ㄗㄨˇ
附,ㄈㄨˋ
降,ㄐㄧㄤˋ
限,ㄒㄧㄢˋ
院,ㄩㄢˋ
除,ㄔㄨˊ
陪,ㄆㄟˊ
陰,ㄧㄣ
陳,ㄔㄣˊ
陸,ㄌㄨˋ
陽,ㄧㄤˊ
隊,ㄉㄨㄟˋ
際,ㄐㄧˋ
隨,ㄙㄨㄟˊ
險,ㄒㄧㄢˇ
集,ㄐㄧˊ
雖,ㄙㄨㄟ
雜,ㄗㄚˊ
雞,ㄐㄧ
離,ㄌㄧˊ
難,ㄋㄢˊ
雨,ㄩˇ
雪,ㄒㄩㄝˇ
雲,ㄩㄣˊ
零,ㄌㄧㄥˊ
電,ㄉㄧㄢˋ
需,ㄒㄩ
霜,ㄕㄨㄤ
靈,ㄌㄧㄥˊ
青,ㄑㄧㄥ
靜,ㄐㄧㄥˋ
非,ㄈㄟ
靠,ㄎㄠˋ
面,ㄇㄧㄢˋ
面,ㄇㄧㄢˋ
鞋,ㄒㄧㄝˊ
音,ㄧㄣ
響,ㄒㄧㄤˇ
頁,ㄧㄝˋ
頂,ㄉㄧㄥˇ
項,ㄒㄧㄤˋ
順,ㄕㄨㄣˋ
預,ㄩˋ
頓,ㄉㄨㄣˋ
領,ㄌㄧㄥˇ
頭,ㄊㄡˊ
顆,ㄎㄜ
題,ㄊㄧˊ
願,ㄩㄢˋ
類,ㄌㄟˋ
顧,ㄍㄨˋ
風,ㄈㄥ
飛,ㄈㄟ
食,ㄕˊ
飯,ㄈㄢˋ
飲,ㄧㄣˇ
餃,ㄐㄧㄠˇ
餅,ㄅㄧㄥˇ
養,ㄧㄤˇ
餐,ㄘㄢ
餓,ㄜˋ
館,ㄍㄨㄢˇ
首,ㄕㄡˇ
香,ㄒㄧㄤ
馬,ㄇㄚˇ
騎,ㄑㄧˊ
驗,ㄧㄢˋ
驚,ㄐㄧㄥ
骨,ㄍㄨㄛˇ
髒,ㄗㄤ
體,ㄊㄧˇ
高,ㄍㄠ
鬧,ㄋㄠˋ
鬼,ㄍㄨㄟˇ
魚,ㄩˊ
鮮,ㄒㄧㄢ
鳥,ㄋㄧㄠˇ
鴉,ㄧㄚ
鹹,ㄒㄧㄢˊ
鹽,ㄧㄢˊ
麗,ㄌㄧˋ
麥,ㄇㄞˋ
麻,ㄇㄚˊ
麼,ㄇㄛ˙
黃,ㄏㄨㄤˊ
黑,ㄏㄟ
默,ㄇㄛˋ
點,ㄉㄧㄢˇ
鼓,ㄍㄨˇ
鼻,ㄅㄧˊ
